{
	"info": {
		"_postman_id": "db955c78-166d-4ec3-ac78-57e70a9acb66",
		"name": "IRModule",
		"schema": "https://schema.getpostman.com/json/collection/v2.1.0/collection.json"
	},
	"item": [
		{
			"name": "Get stock's list",
			"protocolProfileBehavior": {
				"disableBodyPruning": true
			},
			"request": {
				"method": "GET",
				"header": [],
				"body": {
					"mode": "raw",
					"raw": "{\r\n    \"id\": 3,\r\n    \"symbol\": \"GOOGL\",\r\n    \"company\": \"Google\",\r\n    \"market\": \"NASDAQ\",\r\n    \"sector\": \"Information Technology\"\r\n}"
				},
				"url": {
					"raw": "http://{{stocks_ep}}",
					"protocol": "http",
					"host": [
						"{{stocks_ep}}"
					]
				},
				"description": "Find a list of stocks and their information"
			},
			"response": []
		},
		{
			"name": "New stock",
			"request": {
				"method": "POST",
				"header": [],
				"body": {
					"mode": "raw",
					"raw": "{\r\n    \"symbol\": \"DFBNG\",\r\n    \"isin\": \"12354895\"\r\n}",
					"options": {
						"raw": {
							"language": "json"
						}
					}
				},
				"url": {
					"raw": "http://{{stocks_ep}}",
					"protocol": "http",
					"host": [
						"{{stocks_ep}}"
					]
				},
				"description": "POST request to enter information for a new stock"
			},
			"response": []
		},
		{
			"name": "Get stock by id",
			"request": {
				"method": "GET",
				"header": [],
				"url": {
					"raw": "http://{{stocks_ep}}/64",
					"protocol": "http",
					"host": [
						"{{stocks_ep}}"
					],
					"path": [
						"64"
					]
				},
				"description": "Get stock information by its id"
			},
			"response": []
		},
		{
			"name": "Get stock symbols' list",
			"request": {
				"method": "GET",
				"header": [],
				"url": {
					"raw": "http://{{stocks_ep}}/symbols",
					"protocol": "http",
					"host": [
						"{{stocks_ep}}"
					],
					"path": [
						"symbols"
					]
				},
				"description": "Get the list of stock symbols stored at the time of the call in the database"
			},
			"response": []
		},
		{
			"name": "Get stock histories' list",
			"request": {
				"method": "GET",
				"header": [],
				"url": {
					"raw": "http://{{stocks_ep}}/histories",
					"protocol": "http",
					"host": [
						"{{stocks_ep}}"
					],
					"path": [
						"histories"
					]
				},
				"description": "Get list of stock histories associated with symbols stored at the time of the call in the database"
			},
			"response": []
		},
		{
			"name": "Update stock by id",
			"request": {
				"method": "PUT",
				"header": [],
				"body": {
					"mode": "raw",
					"raw": "{\r\n    \"symbol\":\"GOOGL\",\r\n    \"isin\":23456789\r\n}",
					"options": {
						"raw": {
							"language": "json"
						}
					}
				},
				"url": {
					"raw": "http://{{stocks_ep}}/8",
					"protocol": "http",
					"host": [
						"{{stocks_ep}}"
					],
					"path": [
						"8"
					]
				},
				"description": "PUT Method that allow you to update stock information by its id"
			},
			"response": []
		},
		{
			"name": "Delete stock by id",
			"request": {
				"method": "DELETE",
				"header": [],
				"url": {
					"raw": "http://{{stocks_ep}}/2",
					"protocol": "http",
					"host": [
						"{{stocks_ep}}"
					],
					"path": [
						"2"
					]
				},
				"description": "DELETE method that allow you to delete a stock by its id"
			},
			"response": []
		},
		{
			"name": "Extract new ticker",
			"request": {
				"method": "POST",
				"header": [],
				"body": {
					"mode": "raw",
					"raw": "{\r\n    \"symbol\" : \"MMM\",\r\n    \"datasource\" : \"yahoofinance\"\r\n}",
					"options": {
						"raw": {
							"language": "json"
						}
					}
				},
				"url": {
					"raw": "http://{{ticker_ep}}",
					"protocol": "http",
					"host": [
						"{{ticker_ep}}"
					]
				},
				"description": "API that allows you to call the extraction service of a new ticker (stock) starting from the symbol and the source."
			},
			"response": []
		},
		{
			"name": "Get the stock price list",
			"request": {
				"method": "GET",
				"header": [],
				"url": {
					"raw": "http://{{ticker_ep}}/prices",
					"protocol": "http",
					"host": [
						"{{ticker_ep}}"
					],
					"path": [
						"prices"
					]
				},
				"description": "Get the prices of the current day and the previous day and the sector for each ticker"
			},
			"response": []
		},
		{
			"name": "Get history by symbol",
			"request": {
				"method": "GET",
				"header": [],
				"url": {
					"raw": "http://{{ticker_ep}}/history/DDD",
					"protocol": "http",
					"host": [
						"{{ticker_ep}}"
					],
					"path": [
						"history",
						"DDD"
					]
				},
				"description": "Retrieve a history stock through its symbol"
			},
			"response": []
		},
		{
			"name": "Get homeitem's list",
			"request": {
				"method": "GET",
				"header": [],
				"url": {
					"raw": "http://{{homeitem_ep}}",
					"protocol": "http",
					"host": [
						"{{homeitem_ep}}"
					]
				},
				"description": "Get the list of the results of the elaborations on the stock data"
			},
			"response": []
		},
		{
			"name": "New homeitem",
			"request": {
				"method": "POST",
				"header": [],
				"body": {
					"mode": "raw",
					"raw": "{\r\n    \"bestStock\" : {\r\n        \"symbol\" : \"APOLLO\",\r\n        \"previousValue\" : 80.0,\r\n        \"currentValue\" : 1.0,\r\n        \"percentage\" : 80.0\r\n    },\r\n    \"worstStock\" : {\r\n        \"symbol\" : \"DDD\",\r\n        \"previousValue\" : 80.0,\r\n        \"currentValue\" : 1.0,\r\n        \"percentage\" : 80.0\r\n    },\r\n    \"bestSector\" : {\r\n        \"sectorName\" : \"Technology\",\r\n        \"percentage\" : 80.0\r\n    },\r\n    \"worstSector\" : {\r\n        \"sectorName\" : \"Technology\",\r\n        \"percentage\" : 80.0\r\n    }\r\n}",
					"options": {
						"raw": {
							"language": "json"
						}
					}
				},
				"url": {
					"raw": "http://{{homeitem_ep}}",
					"protocol": "http",
					"host": [
						"{{homeitem_ep}}"
					]
				},
				"description": "Adds a new document related to a new processing result"
			},
			"response": []
		},
		{
			"name": "Get homeitem by id",
			"request": {
				"method": "GET",
				"header": [],
				"url": {
					"raw": "http://{{homeitem_ep}}/21",
					"protocol": "http",
					"host": [
						"{{homeitem_ep}}"
					],
					"path": [
						"21"
					]
				},
				"description": "It gets a document related to a computation through its id"
			},
			"response": []
		},
		{
			"name": "Get today homeitem",
			"request": {
				"method": "GET",
				"header": [],
				"url": {
					"raw": "http://{{homeitem_ep}}/today",
					"protocol": "http",
					"host": [
						"{{homeitem_ep}}"
					],
					"path": [
						"today"
					]
				},
				"description": "Obtain the document whose processing is the one with today's date"
			},
			"response": []
		},
		{
			"name": "Update homeitem by id",
			"request": {
				"method": "PUT",
				"header": [],
				"body": {
					"mode": "raw",
					"raw": "{\r\n    \"bestStock\": {\"symbol\": \"APOLLO\", \"percentage\": \"1020.36645533007378\", \"currentValue\": \"80112.15999984741211\", \"previousValue\": \"7777.05000019073486\"},\r\n    \"worstStock\": {\"symbol\": \"JIMMY\", \"percentage\": \"-1.36645533007378\", \"currentValue\": \"7000.15999984741211\", \"previousValue\": \"7100.05000019073486\"},\r\n    \"bestSector\": {\"sectorName\": \"Cattery\", \"percentage\": \"0.512510438610974\"},\r\n    \"worstSector\": {\"sectorName\": \"Other\", \"percentage\": \"-3.16758208870032\"}\r\n\r\n}",
					"options": {
						"raw": {
							"language": "json"
						}
					}
				},
				"url": {
					"raw": "http://{{homeitem_ep}}/21",
					"protocol": "http",
					"host": [
						"{{homeitem_ep}}"
					],
					"path": [
						"21"
					]
				},
				"description": "Update a processing document through its id"
			},
			"response": []
		},
		{
			"name": "Delete homeitem by id",
			"request": {
				"method": "DELETE",
				"header": [],
				"url": {
					"raw": "http://{{homeitem_ep}}/8",
					"protocol": "http",
					"host": [
						"{{homeitem_ep}}"
					],
					"path": [
						"8"
					]
				},
				"description": "Delete a processing document through its id"
			},
			"response": []
		},
		{
			"name": "Get sectors' list",
			"request": {
				"method": "GET",
				"header": [],
				"url": {
					"raw": "http://{{sector_ep}}",
					"protocol": "http",
					"host": [
						"{{sector_ep}}"
					]
				},
				"description": "Get the list of all sectors of stocks stored in the database"
			},
			"response": []
		},
		{
			"name": "Associate stocks-user",
			"request": {
				"method": "POST",
				"header": [],
				"body": {
					"mode": "raw",
					"raw": "{\r\n    \"username\" : \"apollo\",\r\n    \"sector\" : \"Technology\",\r\n    \"riskFactor\" : 2\r\n}",
					"options": {
						"raw": {
							"language": "json"
						}
					}
				},
				"url": {
					"raw": "http://{{stocks_ep}}/search",
					"protocol": "http",
					"host": [
						"{{stocks_ep}}"
					],
					"path": [
						"search"
					]
				},
				"description": "Look for a list of stocks to be associated with the user in his watchlist that meets the requirements in the POST body"
			},
			"response": []
		},
		{
			"name": "Get user's watchlist",
			"request": {
				"method": "GET",
				"header": [],
				"url": {
					"raw": "http://{{watchlist_ep}}/giusybng",
					"protocol": "http",
					"host": [
						"{{watchlist_ep}}"
					],
					"path": [
						"giusybng"
					]
				},
				"description": "Get a watchlist given the username passed in the GET"
			},
			"response": []
		}
	],
	"event": [
		{
			"listen": "prerequest",
			"script": {
				"type": "text/javascript",
				"exec": [
					""
				]
			}
		},
		{
			"listen": "test",
			"script": {
				"type": "text/javascript",
				"exec": [
					""
				]
			}
		}
	],
	"variable": [
		{
			"key": "localhost",
			"value": "127.0.0.1"
		},
		{
			"key": "port",
			"value": "8000"
		},
		{
			"key": "stock_det_ep",
			"value": "{{localhost}}:{{port}}/stockdetails/"
		},
		{
			"key": "stocks_ep",
			"value": "{{localhost}}:{{port}}/stocks/"
		},
		{
			"key": "ticker_ep",
			"value": "{{localhost}}:{{port}}/ticker"
		},
		{
			"key": "homeitem_ep",
			"value": "{{localhost}}:{{port}}/stocks/homeitems"
		},
		{
			"key": "sector_ep",
			"value": "{{localhost}}:{{port}}/sectors"
		},
		{
			"key": "watchlist_ep",
			"value": "{{localhost}}:{{port}}/watchlist"
		}
	]
}