SYMBOL,DATASOURCE
MSFT,yahoofinance
AAPL,yahoofinance
RACE,yahoofinance
ATAX,yahoofinance
GOOGL,yahoofinance
AMZN,yahoofinance
FB,yahoofinance
PEP,yahoofinance
NFLX,yahoofinance
TXN,yahoofinance
PYPL,yahoofinance
NVDA,yahoofinance
SBUX,yahoofinance
BKNG,yahoofinance
TMUS,yahoofinance
TSLA,yahoofinance
VRTX,yahoofinance
ILMN,yahoofinance
NXPI,yahoofinance
EA,yahoofinance
HAS,yahoofinance
LBTYK,yahoofinance
AAL,yahoofinance
CTRP,yahoofinance
ULTA,yahoofinance
WDC,yahoofinance
EXPE,yahoofinance
UAL,yahoofinance
MELI,yahoofinance